{
    "eye_infos": {
        "left_eye_info": {
            "top-left": [
                0.2551040727970313,
                8.404431884144017
            ],
            "top-right": [
                0.7268450429127782,
                8.404431884144017
            ],
            "bottom-right": [
                0.7268450429127782,
                8.008739836162796
            ],
            "bottom-left": [
                0.2551040727970313,
                8.008739836162796
            ]
        },
        "right_eye_info": {
            "top-left": [
                -0.2551040727970313,
                8.404431884144017
            ],
            "top-right": [
                -0.7268450429127782,
                8.404431884144017
            ],
            "bottom-right": [
                -0.7268450429127782,
                8.008739836162796
            ],
            "bottom-left": [
                -0.2551040727970313,
                8.008739836162796
            ]
        }
    }
}